id_alerta,llegada_min,prioridad,severidad,tiempo_estimado_min,sla_min
1,0,Media,48,32,120
2,1,Baja,19,19,240
3,2,Baja,16,18,240
4,2,Media,40,31,120
5,4,Media,41,33,120
6,5,Media,37,25,120
7,6,Baja,16,11,240
8,7,Baja,25,16,240
9,8,Media,42,32,120
10,10,Media,33,26,120
11,11,Media,50,34,120
12,13,Baja,28,15,240
13,14,Baja,27,16,240
14,18,Baja,7,7,240
15,18,Media,47,33,120
16,19,Media,47,31,120
17,20,Baja,25,21,240
18,22,Media,38,28,120
19,23,Media,43,30,120
20,24,Media,49,31,120
21,24,Baja,15,12,240
22,26,Media,47,33,120
23,26,Media,50,35,120
24,26,Baja,5,13,240
25,27,Baja,28,15,240
26,28,Media,46,33,120
27,28,Media,46,32,120
28,29,Baja,25,16,240
29,29,Media,34,25,120
30,30,Media,48,35,120
31,31,Baja,25,20,240
32,31,Baja,29,22,240
33,34,Baja,28,18,240
34,35,Media,41,28,120
35,36,Baja,29,15,240
36,40,Media,49,36,120
37,41,Alta,78,56,60
38,44,Alta,67,48,60
39,45,Alta,67,50,60
40,46,Baja,15,13,240
41,48,Alta,77,51,60
42,49,Alta,48,40,60
43,49,Critica,86,67,30
44,50,Alta,46,39,60
45,50,Alta,75,48,60
46,55,Alta,50,47,60
47,56,Alta,74,54,60
48,57,Alta,59,48,60
49,57,Critica,81,69,30
50,59,Alta,67,48,60
51,60,Critica,93,70,30
52,60,Alta,67,51,60
53,61,Critica,86,73,30
54,61,Critica,95,72,30
55,61,Alta,67,47,60
56,62,Critica,90,71,30
57,62,Critica,80,70,30
58,63,Critica,87,72,30
59,64,Critica,87,70,30
60,64,Critica,84,73,30
61,65,Alta,68,49,60
62,65,Alta,68,53,60
63,68,Baja,24,18,240
64,70,Baja,9,10,240
65,70,Baja,24,20,240
66,73,Critica,80,68,30
67,75,Alta,54,45,60
68,75,Critica,81,66,30
69,77,Alta,57,48,60
70,80,Critica,92,70,30
71,80,Critica,83,72,30
72,82,Critica,99,78,30
73,83,Alta,67,46,60
74,84,Alta,77,53,60
75,84,Critica,88,70,30
76,84,Alta,66,51,60
77,85,Media,46,31,120
78,88,Baja,24,20,240
79,89,Baja,23,16,240
80,90,Baja,12,13,240
81,92,Alta,48,42,60
82,94,Alta,76,52,60
83,96,Critica,84,73,30
84,96,Critica,92,76,30
85,98,Alta,50,46,60
86,98,Alta,53,44,60
87,98,Alta,72,49,60
88,98,Alta,72,50,60
89,98,Alta,51,45,60
90,99,Alta,52,42,60
91,99,Alta,59,45,60
92,99,Alta,50,44,60
93,100,Critica,84,73,30
94,101,Critica,93,75,30
95,102,Critica,93,76,30
96,103,Alta,66,46,60
97,104,Critica,90,68,30
98,104,Critica,89,71,30
99,106,Media,48,30,120
100,107,Baja,17,17,240
101,108,Baja,23,18,240
102,109,Baja,17,15,240
103,112,Critica,92,72,30
104,113,Alta,52,44,60
105,114,Critica,85,74,30
106,115,Alta,78,54,60
107,118,Alta,48,41,60
108,118,Alta,47,40,60
109,118,Alta,50,45,60
110,119,Alta,56,43,60
111,120,Alta,66,45,60
112,123,Alta,77,55,60
113,123,Alta,79,56,60
114,123,Critica,85,67,30
115,123,Alta,66,51,60
116,126,Media,47,35,120
117,126,Media,37,32,120
118,126,Media,48,31,120
119,126,Baja,16,17,240
120,128,Baja,17,14,240
121,130,Baja,26,19,240
122,130,Baja,22,13,240
123,131,Media,50,33,120
124,132,Critica,83,70,30
125,132,Alta,51,46,60
126,133,Critica,94,70,30
127,134,Alta,46,43,60
128,136,Alta,58,42,60
129,137,Alta,46,43,60
130,138,Alta,52,44,60
131,138,Alta,51,41,60
132,139,Alta,51,46,60
133,140,Alta,79,50,60
134,141,Critica,92,69,30
135,141,Alta,65,45,60
136,141,Alta,78,55,60
137,141,Critica,94,70,30
138,142,Alta,65,52,60
139,142,Alta,65,47,60
140,144,Alta,65,50,60
141,145,Alta,65,46,60
142,145,Alta,66,51,60
143,147,Baja,28,21,240
144,148,Baja,14,10,240
145,149,Baja,22,13,240
146,149,Baja,26,20,240
147,150,Baja,22,19,240
148,151,Baja,28,18,240
149,151,Critica,91,69,30
150,153,Alta,75,54,60
151,153,Critica,90,72,30
152,154,Critica,93,74,30
153,157,Alta,52,43,60
154,158,Alta,49,41,60
155,159,Alta,49,45,60
156,159,Critica,85,71,30
157,160,Critica,91,72,30
158,163,Alta,64,51,60
159,165,Media,49,30,120
160,167,Baja,10,16,240
161,171,Alta,55,44,60
162,171,Alta,49,45,60
163,173,Alta,76,49,60
164,173,Alta,47,44,60
165,174,Alta,46,42,60
166,176,Alta,72,49,60
167,177,Alta,78,52,60
168,177,Alta,65,51,60
169,178,Critica,93,74,30
170,181,Critica,92,76,30
171,181,Alta,64,49,60
172,181,Critica,87,70,30
173,182,Critica,92,76,30
174,185,Baja,22,19,240
175,186,Baja,21,14,240
176,188,Alta,50,43,60
177,189,Alta,79,57,60
178,190,Alta,53,43,60
179,191,Alta,74,49,60
180,191,Critica,82,71,30
181,192,Alta,49,46,60
182,193,Alta,54,44,60
183,194,Alta,57,44,60
184,195,Alta,47,40,60
185,195,Alta,47,42,60
186,195,Alta,64,49,60
187,196,Critica,89,69,30
188,197,Alta,64,49,60
189,199,Alta,64,46,60
190,200,Alta,79,51,60
191,200,Alta,64,48,60
192,201,Media,36,31,120
193,201,Media,40,32,120
194,201,Baja,13,11,240
195,202,Baja,10,10,240
196,202,Baja,11,9,240
197,203,Baja,11,10,240
198,205,Alta,64,49,60
199,205,Alta,75,48,60
200,206,Critica,83,71,30
201,208,Alta,64,50,60
202,209,Alta,65,49,60
203,210,Alta,72,53,60
204,210,Alta,55,43,60
205,213,Alta,49,42,60
206,213,Alta,78,50,60
207,214,Alta,78,50,60
208,214,Critica,83,73,30
209,215,Critica,94,76,30
210,217,Critica,95,74,30
211,217,Alta,51,42,60
212,218,Media,48,34,120
213,219,Baja,15,14,240
214,220,Baja,23,15,240
215,220,Baja,22,13,240
216,220,Baja,23,15,240
217,222,Baja,13,11,240
218,222,Baja,25,15,240
219,226,Alta,76,54,60
220,226,Critica,85,71,30
221,227,Critica,82,70,30
222,227,Critica,93,70,30
223,228,Critica,85,67,30
224,229,Alta,64,46,60
225,230,Alta,54,45,60
226,231,Alta,48,43,60
227,232,Critica,89,70,30
228,233,Alta,77,55,60
229,233,Critica,91,76,30
230,235,Alta,76,56,60
231,236,Media,42,33,120
232,236,Baja,13,17,240
233,239,Baja,24,19,240
234,240,Alta,48,40,60
235,240,Alta,72,52,60
236,241,Alta,58,42,60
237,242,Alta,48,40,60
238,242,Alta,54,44,60
239,244,Alta,63,47,60
240,245,Critica,92,76,30
241,245,Critica,88,73,30
242,247,Critica,84,68,30
243,248,Critica,80,66,30
244,249,Alta,69,51,60
245,250,Alta,51,45,60
246,250,Alta,76,51,60
247,250,Critica,87,74,30
248,251,Critica,86,69,30
249,252,Critica,86,74,30
250,253,Alta,76,54,60
251,253,Media,48,35,120
252,254,Media,31,23,120
253,256,Baja,24,18,240
254,256,Baja,11,16,240
255,258,Baja,20,18,240
256,258,Baja,20,15,240
257,258,Media,45,33,120
258,261,Alta,54,44,60
259,262,Critica,94,72,30
260,262,Critica,97,71,30
261,262,Alta,63,45,60
262,262,Alta,75,54,60
263,263,Alta,63,45,60
264,264,Alta,62,49,60
265,266,Alta,78,51,60
266,269,Alta,57,45,60
267,270,Critica,82,68,30
268,270,Alta,71,52,60
269,274,Baja,20,13,240
270,274,Baja,16,13,240
271,276,Baja,25,19,240
272,276,Baja,26,14,240
273,276,Baja,26,19,240
274,277,Media,47,33,120
275,278,Alta,47,39,60
276,280,Alta,54,44,60
277,280,Alta,55,46,60
278,280,Critica,82,71,30
279,282,Critica,80,65,30
280,285,Alta,62,48,60
281,288,Alta,54,42,60
282,288,Alta,56,42,60
283,289,Alta,77,51,60
284,290,Critica,86,72,30
285,291,Alta,54,48,60
286,292,Baja,26,19,240
287,293,Media,33,28,120
288,293,Media,39,28,120
289,294,Baja,13,15,240
290,294,Baja,24,20,240
291,295,Baja,14,14,240
292,296,Baja,19,17,240
293,297,Media,46,28,120
294,300,Alta,62,46,60
295,301,Alta,62,48,60
296,302,Alta,62,51,60
297,302,Alta,62,44,60
298,303,Critica,84,68,30
299,304,Alta,61,48,60
300,304,Alta,62,46,60
301,305,Critica,85,68,30
302,307,Critica,84,68,30
303,307,Alta,49,41,60
304,308,Alta,77,53,60
305,309,Critica,82,68,30
306,309,Alta,51,40,60
307,309,Alta,78,55,60
308,311,Baja,9,14,240
309,312,Baja,19,12,240
310,314,Baja,9,11,240
311,315,Media,48,36,120
312,317,Alta,56,43,60
313,317,Alta,47,40,60
314,318,Alta,46,39,60
315,320,Alta,61,49,60
316,320,Alta,61,50,60
317,324,Critica,80,72,30
318,324,Critica,94,73,30
319,324,Critica,91,69,30
320,324,Alta,50,45,60
321,326,Critica,85,73,30
322,327,Alta,78,50,60
323,327,Alta,77,54,60
324,328,Alta,49,41,60
325,328,Alta,49,41,60
326,328,Alta,76,51,60
327,330,Media,48,36,120
328,331,Baja,5,12,240
329,332,Baja,19,16,240
330,335,Media,49,36,120
331,336,Alta,58,48,60
332,336,Alta,46,42,60
333,337,Alta,45,44,60
334,337,Alta,46,43,60
335,338,Alta,61,49,60
336,341,Alta,61,44,60
337,341,Alta,61,50,60
338,342,Alta,61,48,60
339,343,Critica,94,73,30
340,343,Critica,93,75,30
341,344,Alta,75,48,60
342,346,Alta,53,47,60
343,347,Alta,75,54,60
344,347,Critica,94,76,30
345,347,Critica,90,72,30
346,347,Alta,76,51,60
347,348,Alta,47,42,60
348,349,Critica,91,71,30
349,349,Baja,17,12,240
350,350,Baja,24,20,240
351,351,Baja,20,15,240
352,351,Baja,27,21,240
353,352,Media,30,23,120
354,353,Baja,18,16,240
355,353,Baja,18,11,240
356,353,Baja,27,18,240
357,354,Baja,19,19,240
358,355,Alta,53,42,60
359,355,Alta,46,45,60
360,355,Alta,55,43,60
361,356,Alta,53,43,60
362,356,Alta,56,45,60
363,357,Alta,52,46,60
364,357,Critica,81,72,30
365,358,Alta,60,45,60
366,358,Alta,60,44,60
367,358,Critica,90,72,30
368,358,Critica,86,68,30
369,359,Alta,60,43,60
370,359,Critica,87,72,30
371,360,Alta,60,43,60
372,362,Critica,91,71,30
373,364,Critica,86,69,30
374,365,Critica,81,66,30
375,365,Alta,69,50,60
376,366,Alta,52,43,60
377,366,Critica,84,67,30
378,370,Baja,25,16,240
379,371,Media,50,36,120
380,371,Baja,29,18,240
381,373,Baja,28,20,240
382,373,Baja,14,14,240
383,374,Baja,28,16,240
384,376,Baja,17,14,240
385,376,Baja,25,17,240
386,377,Baja,17,14,240
387,377,Baja,17,17,240
388,378,Media,47,28,120
389,378,Alta,56,43,60
390,379,Alta,75,53,60
391,379,Alta,55,41,60
392,380,Alta,50,47,60
393,381,Critica,80,69,30
394,382,Critica,93,76,30
395,383,Alta,60,44,60
396,383,Critica,92,71,30
397,384,Alta,60,46,60
398,385,Alta,52,45,60
399,385,Alta,69,51,60
400,387,Critica,82,73,30
401,388,Critica,81,70,30
402,390,Critica,81,71,30
403,390,Critica,83,68,30
404,390,Alta,54,42,60
405,392,Media,42,34,120
406,395,Media,42,29,120
407,395,Baja,15,10,240
408,396,Baja,15,12,240
409,397,Baja,12,10,240
410,397,Baja,14,17,240
411,399,Alta,50,40,60
412,399,Alta,46,43,60
413,404,Critica,93,71,30
414,404,Alta,48,42,60
415,405,Alta,57,47,60
416,406,Critica,92,69,30
417,412,Media,48,33,120
418,414,Baja,15,13,240
419,414,Media,41,31,120
420,415,Baja,7,7,240
421,417,Critica,89,73,30
422,418,Alta,79,54,60
423,418,Alta,59,44,60
424,419,Alta,58,49,60
425,419,Alta,57,42,60
426,420,Alta,68,52,60
427,424,Baja,11,13,240
428,424,Media,35,26,120
429,424,Media,37,32,120
430,424,Baja,27,20,240
431,424,Baja,28,21,240
432,425,Media,40,26,120
433,425,Media,33,28,120
434,426,Media,31,23,120
435,426,Baja,27,17,240
436,427,Baja,28,22,240
437,427,Media,36,32,120
438,428,Baja,26,15,240
439,428,Media,45,32,120
440,430,Media,49,32,120
441,430,Media,49,30,120
442,431,Media,46,33,120
443,432,Baja,7,11,240
444,433,Media,38,25,120
445,439,Baja,29,15,240
446,440,Baja,26,19,240
447,441,Media,50,34,120
448,441,Media,40,29,120
449,441,Baja,28,22,240
450,443,Media,36,26,120
451,444,Media,46,31,120
452,449,Media,47,34,120
453,449,Baja,26,17,240
454,451,Media,37,28,120
455,452,Media,49,29,120
456,452,Media,40,27,120
457,452,Media,36,27,120
458,453,Media,41,26,120
459,454,Media,46,34,120
460,454,Baja,29,20,240
461,454,Media,36,25,120
462,454,Media,48,32,120
463,455,Media,35,31,120
464,455,Media,42,34,120
465,455,Media,33,27,120
466,456,Media,47,29,120
467,456,Media,49,32,120
468,456,Baja,28,22,240
469,458,Media,39,28,120
470,458,Media,40,28,120
471,458,Media,40,29,120
472,459,Media,34,25,120
473,462,Media,46,32,120
474,462,Media,34,28,120
475,463,Baja,27,21,240
476,464,Media,41,26,120
477,464,Baja,25,14,240
478,464,Media,30,23,120
479,464,Media,40,33,120
480,466,Baja,7,7,240
481,466,Media,49,36,120
482,466,Media,36,30,120
483,466,Media,41,31,120
484,466,Media,46,31,120
485,467,Media,47,33,120
486,468,Media,48,34,120
487,468,Baja,26,15,240
488,468,Baja,26,14,240
489,469,Media,31,30,120
490,469,Media,45,35,120
491,469,Media,50,36,120
492,470,Media,41,26,120
493,471,Baja,5,11,240
494,471,Baja,28,16,240
495,473,Media,39,30,120
496,475,Media,34,26,120
497,475,Baja,16,11,240
498,478,Media,35,27,120
499,479,Media,50,35,120
500,479,Media,47,34,120
