corrida,seed,peso_tiempo_objetivo,fitness,tiempo_total_min,espera_promedio_min,espera_critica_promedio_min,backlog_alertas,backlog_ponderado,backlog_baja,backlog_media,backlog_alta,backlog_critica,desbalance_carga,sobrecarga_relativa,tiempo_ejecucion_seg,rr_backlog_alertas,rr_espera_critica_promedio_min,rr_desbalance_carga,ag_mejora_backlog_alertas,ag_mejora_espera_critica_min,ag_mejora_desbalance
1,42,0.0,0.6986025129619463,2184,990.426,119.38823529411765,424,679.0,90,96,207,31,0.0349702826334777,0.014198339886413303,36.37998151779175,421,179.01176470588234,0.04522137776061125,-3,59.62352941176469,0.010251095127133548
2,43,0.0,0.6974364807271689,2191,988.152,123.50588235294117,424,684.0,88,98,205,33,0.026503256623754176,0.01006747245279358,35.76270842552185,421,179.01176470588234,0.04522137776061125,-3,55.50588235294117,0.01871812113685707
3,44,0.0,0.698065304929888,2209,995.118,118.44705882352942,424,674.5,91,97,206,30,0.03539289026537352,0.01565943400805788,36.14517378807068,421,179.01176470588234,0.04522137776061125,-3,60.564705882352925,0.00982848749523773
4,45,0.0,0.6935808270244139,2159,1004.42,126.85882352941177,429,689.5,93,97,205,34,0.025659455491268714,0.011038299111693633,36.18966460227966,421,179.01176470588234,0.04522137776061125,-8,52.15294117647058,0.019561922269342533
5,46,0.0,0.6976941318889346,2176,1000.772,118.95294117647059,426,679.5,91,98,206,31,0.027157520148668325,0.011436338041842646,36.05487513542175,421,179.01176470588234,0.04522137776061125,-5,60.058823529411754,0.018063857611942923
6,47,0.0,0.6942185192582992,2234,1001.398,124.01176470588236,426,682.0,90,99,205,32,0.041617477338328886,0.01832435318673853,35.831262826919556,421,179.01176470588234,0.04522137776061125,-5,54.999999999999986,0.003603900422282362
7,48,0.0,0.6942379270805208,2183,1000.044,124.76470588235294,426,681.5,91,98,205,32,0.037281165784002125,0.016819571865443448,35.906975984573364,421,179.01176470588234,0.04522137776061125,-5,54.2470588235294,0.007940211976609123
8,49,0.0,0.6958140025001214,2223,996.652,120.63529411764706,426,687.0,90,96,207,33,0.045456800715237854,0.01973205184214361,35.807796239852905,421,179.01176470588234,0.04522137776061125,-5,58.37647058823528,-0.00023542295462660595
9,50,0.0,0.696964021458872,2152,992.804,122.71764705882353,424,680.0,90,97,205,32,0.026793276840493378,0.011528566574438156,35.83694314956665,421,179.01176470588234,0.04522137776061125,-3,56.29411764705881,0.01842810092011787
10,51,0.0,0.6946676469323178,2190,991.402,129.68235294117648,424,682.5,91,95,205,33,0.023592735761929936,0.00828600553371197,35.94096565246582,421,179.01176470588234,0.04522137776061125,-3,49.32941176470587,0.021628641998681312
11,52,0.0,0.6964000553009612,2189,997.924,122.74117647058823,426,682.5,91,97,206,32,0.02673340922676667,0.010853842046502615,35.86641526222229,421,179.01176470588234,0.04522137776061125,-5,56.27058823529411,0.018487968533844577
12,53,0.0,0.6953329696437505,2151,998.254,123.03529411764706,425,680.0,88,100,206,31,0.033725887953282664,0.01443619241784382,35.9824104309082,421,179.01176470588234,0.04522137776061125,-4,55.97647058823529,0.011495489807328584
13,54,0.0,0.6940602034762775,2161,991.028,129.2235294117647,425,687.5,91,94,206,34,0.029910639986085563,0.013717780690257772,35.8882577419281,421,179.01176470588234,0.04522137776061125,-4,49.78823529411764,0.015310737774525685
14,55,0.0,0.6979496588778007,2196,996.286,118.58823529411765,425,679.0,90,98,206,31,0.03360340168380435,0.013319741760108758,35.93050003051758,421,179.01176470588234,0.04522137776061125,-4,60.42352941176469,0.011617976076806896
15,56,0.0,0.6969540682186713,2214,997.778,120.08235294117647,427,687.5,89,99,206,33,0.03379916665164897,0.012649871365467713,35.786725759506226,421,179.01176470588234,0.04522137776061125,-6,58.929411764705875,0.011422211108962278
16,57,0.0,0.7005446684302346,2154,993.68,115.43529411764706,426,684.0,90,97,207,32,0.021072138713415397,0.0077326343381389565,35.78572463989258,421,179.01176470588234,0.04522137776061125,-5,63.57647058823528,0.02414923904719585
17,58,0.0,0.6985125214008528,2155,991.886,118.32941176470588,424,682.0,88,98,206,32,0.03505171635020431,0.015552643075578881,35.92384052276611,421,179.01176470588234,0.04522137776061125,-3,60.68235294117646,0.010169661410406941
18,59,0.0,0.6964014545733044,2109,991.142,126.62352941176471,425,685.5,89,97,206,33,0.015216682049964172,0.006965681277607905,35.77951622009277,421,179.01176470588234,0.04522137776061125,-4,52.388235294117635,0.030004695710647074
19,60,0.0,0.6959123160521676,2162,999.516,123.90588235294118,425,676.0,90,99,206,30,0.02528574830206639,0.009776224455123564,36.2049355506897,421,179.01176470588234,0.04522137776061125,-4,55.105882352941165,0.019935629458544858
20,61,0.0,0.698903655971924,2215,992.39,117.45882352941176,423,675.0,88,99,206,30,0.036255176800888536,0.013620698024367767,35.87985944747925,421,179.01176470588234,0.04522137776061125,-2,61.55294117647058,0.008966200959722712
