poblacion,mutacion,crossover,mejor_fitness,espera_promedio,backlog
20,0.05,0.6,7.815940058826507e-05,988.334,424
10,0.05,0.6,7.803388458498132e-05,993.032,425
20,0.01,0.9,7.787398828266888e-05,990.518,423
20,0.01,0.6,7.78127839067479e-05,998.902,426
20,0.1,0.6,7.76917189123886e-05,1000.92,427
20,0.05,0.9,7.769154248837724e-05,997.248,423
20,0.05,0.75,7.766386345704494e-05,997.242,424
10,0.1,0.6,7.749978866774626e-05,996.88,423
10,0.05,0.75,7.749172404464819e-05,1004.078,427
10,0.05,0.9,7.744937251008591e-05,995.776,423
20,0.01,0.75,7.718738080512912e-05,1005.658,429
10,0.01,0.9,7.716114599891141e-05,1000.798,425
10,0.1,0.75,7.715649158536157e-05,1003.56,426
10,0.1,0.9,7.714926873936567e-05,995.04,425
10,0.01,0.75,7.713548502428888e-05,999.936,425
10,0.01,0.6,7.692859074164129e-05,1001.056,425
20,0.1,0.75,7.688374849002178e-05,1003.39,425
20,0.1,0.9,7.661069598308544e-05,1004.388,426
