fitness_max,fitness_min,fitness_prom,desv_std,tiempo_seg,generacion,fitness_mejor_gen,tiempo_total_estimado_min,espera_promedio_min,espera_critica_promedio_min,backlog_alertas,desbalance_carga
0.5136806402006147,0.4572193392259205,0.4863481479225363,0.012053392308635988,0.1872246265411377,1,0.5136806402006147,2194,990.52,179.01176470588234,421,0.04522137776061125
0.5136806402006147,0.46304544233873934,0.4902503427766055,0.012007595560562658,0.17984533309936523,2,0.5136806402006147,2194,990.52,179.01176470588234,421,0.04522137776061125
0.5136806402006147,0.4770948580635232,0.49592146034645085,0.009085813837600269,0.18143129348754883,3,0.5136806402006147,2194,990.52,179.01176470588234,421,0.04522137776061125
0.5136806402006147,0.4808583355291279,0.49896836374103803,0.009046827122693293,0.17516469955444336,4,0.5136806402006147,2194,990.52,179.01176470588234,421,0.04522137776061125
0.5136806402006147,0.47706092947131945,0.500139320822173,0.00791251720550348,0.1760728359222412,5,0.5136806402006147,2194,990.52,179.01176470588234,421,0.04522137776061125
0.5189790593635468,0.4859996906826931,0.5013761057748954,0.007241946310623047,0.1767892837524414,6,0.5189790593635468,2213,994.774,152.58823529411765,423,0.047999230107534374
0.5197038764030426,0.488032482524768,0.502220494557215,0.007603071933434807,0.18442845344543457,7,0.5197038764030426,2173,1000.634,155.18823529411765,423,0.054897414836988186
0.5197038764030426,0.48271536844337093,0.5036892092034612,0.008082784805013262,0.17882823944091797,8,0.5197038764030426,2173,1000.634,155.18823529411765,423,0.054897414836988186
0.5197038764030426,0.4845738529367516,0.503556327188448,0.008579629486368102,0.17872381210327148,9,0.5197038764030426,2173,1000.634,155.18823529411765,423,0.054897414836988186
0.5197038764030426,0.4813954324919385,0.5042364588519128,0.008608933370007604,0.17741775512695312,10,0.5197038764030426,2173,1000.634,155.18823529411765,423,0.054897414836988186
0.5211285273274966,0.4855295239276296,0.5065870085176838,0.007853118880721035,0.17645525932312012,11,0.5211285273274966,2172,993.384,152.57647058823528,425,0.04917141189607174
0.5211285273274966,0.484311285939737,0.5066321619121218,0.007273677839072824,0.17753219604492188,12,0.5211285273274966,2172,993.384,152.57647058823528,425,0.04917141189607174
0.5211285273274966,0.484505193657172,0.5060060631746145,0.00807700128579816,0.1747140884399414,13,0.5211285273274966,2172,993.384,152.57647058823528,425,0.04917141189607174
0.5211285273274966,0.48710611115369823,0.5072028464578014,0.007769561648649356,0.17527484893798828,14,0.5211285273274966,2172,993.384,152.57647058823528,425,0.04917141189607174
0.5211285273274966,0.49511403552602823,0.5085979559530766,0.00628993250429286,0.17711210250854492,15,0.5211285273274966,2172,993.384,152.57647058823528,425,0.04917141189607174
0.5211285273274966,0.48646933544658677,0.5077642788741468,0.007642397261335898,0.17405056953430176,16,0.5211285273274966,2172,993.384,152.57647058823528,425,0.04917141189607174
0.5225503867310032,0.49204289447761335,0.5082867969939259,0.00712533829839008,0.17650222778320312,17,0.5225503867310032,2156,993.842,153.23529411764707,424,0.03670023326219978
0.5225503867310032,0.48742590162853927,0.5084890333909978,0.007547693929597271,0.17693114280700684,18,0.5225503867310032,2156,993.842,153.23529411764707,424,0.03670023326219978
0.5225503867310032,0.4929418907635827,0.5077865857856471,0.006387969567295949,0.1765601634979248,19,0.5225503867310032,2156,993.842,153.23529411764707,424,0.03670023326219978
0.5225503867310032,0.4904379537242201,0.5079979428502621,0.007345210424047776,0.18686652183532715,20,0.5225503867310032,2156,993.842,153.23529411764707,424,0.03670023326219978
0.5225503867310032,0.47653797878308873,0.5088752941794246,0.008685868866555367,0.17743968963623047,21,0.5225503867310032,2156,993.842,153.23529411764707,424,0.03670023326219978
0.5225503867310032,0.49519560699606674,0.5091850977406405,0.0055990216885791946,0.17568063735961914,22,0.5225503867310032,2156,993.842,153.23529411764707,424,0.03670023326219978
0.5225503867310032,0.49224210206838587,0.5081289258998141,0.0066928839644070925,0.17635393142700195,23,0.5225503867310032,2156,993.842,153.23529411764707,424,0.03670023326219978
0.5225503867310032,0.49121190467663983,0.5068810405125802,0.007367020066084357,0.17826294898986816,24,0.5225503867310032,2156,993.842,153.23529411764707,424,0.03670023326219978
0.5225503867310032,0.4857278946396292,0.5066491000715178,0.0073143875446389,0.17479157447814941,25,0.5225503867310032,2156,993.842,153.23529411764707,424,0.03670023326219978
0.5225503867310032,0.4855041906772191,0.5058332932135088,0.008260126232917482,0.17566847801208496,26,0.5225503867310032,2156,993.842,153.23529411764707,424,0.03670023326219978
0.5225503867310032,0.4911222808283833,0.5080150449632508,0.007471780886772003,0.17634868621826172,27,0.5225503867310032,2156,993.842,153.23529411764707,424,0.03670023326219978
0.5225503867310032,0.4887544799012687,0.5075811167853166,0.007838762381139954,0.1747584342956543,28,0.5225503867310032,2156,993.842,153.23529411764707,424,0.03670023326219978
0.5225503867310032,0.48894583151953536,0.5085000687066086,0.00760316074848911,0.1765744686126709,29,0.5225503867310032,2156,993.842,153.23529411764707,424,0.03670023326219978
0.5225503867310032,0.49344066682187726,0.5093643956793967,0.007327835681941409,0.17400646209716797,30,0.5225503867310032,2156,993.842,153.23529411764707,424,0.03670023326219978
0.5225503867310032,0.48346838998905417,0.5081664699599301,0.00824599088441734,0.17432928085327148,31,0.5225503867310032,2156,993.842,153.23529411764707,424,0.03670023326219978
0.5225503867310032,0.4928838305206941,0.5073405615319186,0.007275368552517863,0.1750349998474121,32,0.5225503867310032,2156,993.842,153.23529411764707,424,0.03670023326219978
0.5225503867310032,0.48668865873790407,0.5075869192530011,0.007436369542200369,0.18436002731323242,33,0.5225503867310032,2156,993.842,153.23529411764707,424,0.03670023326219978
0.5225503867310032,0.49312871266550024,0.5082412498601184,0.007164333818261851,0.18221378326416016,34,0.5225503867310032,2156,993.842,153.23529411764707,424,0.03670023326219978
0.5225503867310032,0.48249670865836614,0.5073726702723105,0.008734093942059727,0.17611193656921387,35,0.5225503867310032,2156,993.842,153.23529411764707,424,0.03670023326219978
0.5225503867310032,0.4902737883067292,0.5073573328454285,0.008135782867485621,0.17366313934326172,36,0.5225503867310032,2156,993.842,153.23529411764707,424,0.03670023326219978
0.5225503867310032,0.4653157549721253,0.5072608660356712,0.009696182172579806,0.1750349998474121,37,0.5225503867310032,2156,993.842,153.23529411764707,424,0.03670023326219978
0.5225503867310032,0.48071183968525777,0.5062920059838144,0.00827424497038659,0.19711995124816895,38,0.5225503867310032,2156,993.842,153.23529411764707,424,0.03670023326219978
0.5225503867310032,0.48494664369627444,0.5059537089612952,0.0085264258955019,0.1858503818511963,39,0.5225503867310032,2156,993.842,153.23529411764707,424,0.03670023326219978
0.5225503867310032,0.4826536800313999,0.5069190361877133,0.00871379454718385,0.1748349666595459,40,0.5225503867310032,2156,993.842,153.23529411764707,424,0.03670023326219978
0.5225503867310032,0.48962038091012805,0.5081163143755694,0.00788404972579534,0.175215482711792,41,0.5225503867310032,2156,993.842,153.23529411764707,424,0.03670023326219978
0.5225503867310032,0.4961926020265203,0.5102865771619777,0.006392118324524095,0.17481088638305664,42,0.5225503867310032,2156,993.842,153.23529411764707,424,0.03670023326219978
0.5225503867310032,0.49852810942610826,0.5096392519530748,0.005907802530047813,0.17605113983154297,43,0.5225503867310032,2156,993.842,153.23529411764707,424,0.03670023326219978
0.5236140616801404,0.49195971865460475,0.5094262120580639,0.00716198908133616,0.17559170722961426,44,0.5236140616801404,2166,1006.052,143.0235294117647,427,0.03462086154189741
0.5236140616801404,0.4951433999916465,0.5103425509152648,0.006236734144038795,0.1763777732849121,45,0.5236140616801404,2166,1006.052,143.0235294117647,427,0.03462086154189741
0.5236140616801404,0.4916519484931961,0.5085667994027232,0.007150854569366328,0.1752474308013916,46,0.5236140616801404,2166,1006.052,143.0235294117647,427,0.03462086154189741
0.5236140616801404,0.4824207591788916,0.5075122629239236,0.00841106197164468,0.17605805397033691,47,0.5236140616801404,2166,1006.052,143.0235294117647,427,0.03462086154189741
0.5236140616801404,0.4967530831747663,0.5085586994666184,0.006173578141602304,0.17426228523254395,48,0.5236140616801404,2166,1006.052,143.0235294117647,427,0.03462086154189741
0.5236140616801404,0.4901596397533234,0.5070773099533149,0.007930389776347456,0.18019652366638184,49,0.5236140616801404,2166,1006.052,143.0235294117647,427,0.03462086154189741
0.5236140616801404,0.497821971512756,0.508456535762118,0.006547500342598007,0.17459726333618164,50,0.5236140616801404,2166,1006.052,143.0235294117647,427,0.03462086154189741
0.5236140616801404,0.48280847471945076,0.507767434461656,0.008514855452059841,0.17665481567382812,51,0.5236140616801404,2166,1006.052,143.0235294117647,427,0.03462086154189741
0.5236140616801404,0.49036140705827796,0.5065839513350583,0.007688473229889011,0.1771860122680664,52,0.5236140616801404,2166,1006.052,143.0235294117647,427,0.03462086154189741
0.5236140616801404,0.47708142278971777,0.5073055335664447,0.008647799237053142,0.17441225051879883,53,0.5236140616801404,2166,1006.052,143.0235294117647,427,0.03462086154189741
0.5236140616801404,0.49801423058820177,0.5074513679055884,0.006546145371874468,0.17513155937194824,54,0.5236140616801404,2166,1006.052,143.0235294117647,427,0.03462086154189741
0.5236140616801404,0.4934869301002357,0.5077435426191598,0.007727270221470872,0.17925167083740234,55,0.5236140616801404,2166,1006.052,143.0235294117647,427,0.03462086154189741
0.5236140616801404,0.48192362750822254,0.5078958633778986,0.008020037538877709,0.1752314567565918,56,0.5236140616801404,2166,1006.052,143.0235294117647,427,0.03462086154189741
0.5236140616801404,0.495068792576894,0.5088977328446385,0.0063755802712500064,0.17640972137451172,57,0.5236140616801404,2166,1006.052,143.0235294117647,427,0.03462086154189741
0.5236140616801404,0.4926558900868409,0.5087921712455594,0.007373523706370894,0.18045711517333984,58,0.5236140616801404,2166,1006.052,143.0235294117647,427,0.03462086154189741
0.5236140616801404,0.4896664925628729,0.5090376876736467,0.008186797244354466,0.1742258071899414,59,0.5236140616801404,2166,1006.052,143.0235294117647,427,0.03462086154189741
0.5236140616801404,0.48664341329931554,0.5073732692995546,0.007763605707834354,0.17529654502868652,60,0.5236140616801404,2166,1006.052,143.0235294117647,427,0.03462086154189741
0.5236140616801404,0.4840709419215455,0.5070522422456621,0.00880410966357878,0.17675185203552246,61,0.5236140616801404,2166,1006.052,143.0235294117647,427,0.03462086154189741
0.5236140616801404,0.4920285213364803,0.5086406514977756,0.0068572998053279275,0.17671418190002441,62,0.5236140616801404,2166,1006.052,143.0235294117647,427,0.03462086154189741
0.5236140616801404,0.4899509943296487,0.5080440090164307,0.006911620241612464,0.17650175094604492,63,0.5236140616801404,2166,1006.052,143.0235294117647,427,0.03462086154189741
0.5236140616801404,0.4741924206126785,0.5078555961093631,0.008670028549910511,0.17954707145690918,64,0.5236140616801404,2166,1006.052,143.0235294117647,427,0.03462086154189741
0.5236140616801404,0.4910159673422917,0.5078949214277779,0.007406445902932967,0.17572951316833496,65,0.5236140616801404,2166,1006.052,143.0235294117647,427,0.03462086154189741
0.5236140616801404,0.4922586348984447,0.5080472975512236,0.007495215838232085,0.17397522926330566,66,0.5236140616801404,2166,1006.052,143.0235294117647,427,0.03462086154189741
0.5236140616801404,0.48737117207680963,0.5088298365073655,0.007419286915587955,0.1733112335205078,67,0.5236140616801404,2166,1006.052,143.0235294117647,427,0.03462086154189741
0.5236140616801404,0.4884166837938828,0.5073406208165328,0.008550908583249367,0.17435956001281738,68,0.5236140616801404,2166,1006.052,143.0235294117647,427,0.03462086154189741
0.5236140616801404,0.47865831179626034,0.5066462365465898,0.008446272581067794,0.17470288276672363,69,0.5236140616801404,2166,1006.052,143.0235294117647,427,0.03462086154189741
0.5236140616801404,0.48845307287549566,0.5071192304010932,0.007942923827667144,0.17604303359985352,70,0.5236140616801404,2166,1006.052,143.0235294117647,427,0.03462086154189741
0.5236140616801404,0.4929830656072896,0.5067142478876344,0.006558751271156491,0.17507386207580566,71,0.5236140616801404,2166,1006.052,143.0235294117647,427,0.03462086154189741
0.5236140616801404,0.4922323672417064,0.5071299866221327,0.007794244949832289,0.17700624465942383,72,0.5236140616801404,2166,1006.052,143.0235294117647,427,0.03462086154189741
0.5236140616801404,0.4830645190046232,0.5078613741457301,0.007744358881435496,0.1741352081298828,73,0.5236140616801404,2166,1006.052,143.0235294117647,427,0.03462086154189741
0.5236140616801404,0.4853391013423951,0.5095447898604523,0.00813875105914667,0.17406940460205078,74,0.5236140616801404,2166,1006.052,143.0235294117647,427,0.03462086154189741
0.5236140616801404,0.4973651021802541,0.5093435289504802,0.006597717524262144,0.17548418045043945,75,0.5236140616801404,2166,1006.052,143.0235294117647,427,0.03462086154189741
0.5236140616801404,0.4962642620160903,0.5085912039670153,0.0068818467446885466,0.17454266548156738,76,0.5236140616801404,2166,1006.052,143.0235294117647,427,0.03462086154189741
0.5236140616801404,0.4813791312835799,0.5067303001775518,0.00900167984967638,0.17572999000549316,77,0.5236140616801404,2166,1006.052,143.0235294117647,427,0.03462086154189741
0.5236140616801404,0.4876209379942565,0.5072990952926903,0.008313943096924195,0.17450404167175293,78,0.5236140616801404,2166,1006.052,143.0235294117647,427,0.03462086154189741
0.5236140616801404,0.48553680320826964,0.5081636842742366,0.009327528790506896,0.1742548942565918,79,0.5236140616801404,2166,1006.052,143.0235294117647,427,0.03462086154189741
0.5236140616801404,0.4924308579824617,0.5096735030506335,0.0065484574784852746,0.1748511791229248,80,0.5236140616801404,2166,1006.052,143.0235294117647,427,0.03462086154189741
0.5236140616801404,0.4763665787175401,0.5082791134821032,0.008850562326303234,0.17613005638122559,81,0.5236140616801404,2166,1006.052,143.0235294117647,427,0.03462086154189741
0.5236140616801404,0.4914557800449075,0.5090860184923113,0.006799634037725014,0.1763291358947754,82,0.5236140616801404,2166,1006.052,143.0235294117647,427,0.03462086154189741
0.5236140616801404,0.4902758057674945,0.5084809793687906,0.007899509259254658,0.17572426795959473,83,0.5236140616801404,2166,1006.052,143.0235294117647,427,0.03462086154189741
0.5236140616801404,0.49278890551050913,0.508928723829395,0.005967185907644729,0.17630958557128906,84,0.5236140616801404,2166,1006.052,143.0235294117647,427,0.03462086154189741
0.5236140616801404,0.49459508864240215,0.5083830976345659,0.007197019323986651,0.17482638359069824,85,0.5236140616801404,2166,1006.052,143.0235294117647,427,0.03462086154189741
0.5236140616801404,0.48791976024320355,0.5073079637374482,0.00845475124835483,0.17636775970458984,86,0.5236140616801404,2166,1006.052,143.0235294117647,427,0.03462086154189741
0.5236140616801404,0.47603340010229256,0.5084674820105747,0.007790836734429267,0.17513251304626465,87,0.5236140616801404,2166,1006.052,143.0235294117647,427,0.03462086154189741
0.5236140616801404,0.48574697617077084,0.5075989131746291,0.007592638877846871,0.1740579605102539,88,0.5236140616801404,2166,1006.052,143.0235294117647,427,0.03462086154189741
0.5236140616801404,0.48512125747699153,0.5075449469316754,0.008694977368849563,0.17423391342163086,89,0.5236140616801404,2166,1006.052,143.0235294117647,427,0.03462086154189741
0.5236140616801404,0.48781896193495516,0.5061049615356124,0.008348857002998639,0.1785750389099121,90,0.5236140616801404,2166,1006.052,143.0235294117647,427,0.03462086154189741
0.5236140616801404,0.49534439523973917,0.5083482213759606,0.007490249548515351,0.17555785179138184,91,0.5236140616801404,2166,1006.052,143.0235294117647,427,0.03462086154189741
0.5236140616801404,0.48184754745875275,0.5084617003022556,0.008678998081862777,0.17562007904052734,92,0.5236140616801404,2166,1006.052,143.0235294117647,427,0.03462086154189741
0.5236140616801404,0.486608322617583,0.5081338451875157,0.008178791482164703,0.1748964786529541,93,0.5236140616801404,2166,1006.052,143.0235294117647,427,0.03462086154189741
0.5236140616801404,0.4896271841126652,0.5086857629715941,0.007564054214030515,0.1744849681854248,94,0.5236140616801404,2166,1006.052,143.0235294117647,427,0.03462086154189741
0.5236140616801404,0.48879875350388496,0.5089657305495312,0.007335303494254486,0.177168607711792,95,0.5236140616801404,2166,1006.052,143.0235294117647,427,0.03462086154189741
0.5236140616801404,0.49051882978265604,0.5094612708549537,0.007499984846794031,0.1761465072631836,96,0.5236140616801404,2166,1006.052,143.0235294117647,427,0.03462086154189741
0.5236140616801404,0.4932656982150413,0.5089974170805118,0.007417918981684889,0.1777653694152832,97,0.5236140616801404,2166,1006.052,143.0235294117647,427,0.03462086154189741
0.5236140616801404,0.4941025687945633,0.5115778622578826,0.006695163346937434,0.17615246772766113,98,0.5236140616801404,2166,1006.052,143.0235294117647,427,0.03462086154189741
0.5236140616801404,0.4965582805153943,0.5088354849517507,0.0063464390238841635,0.1767582893371582,99,0.5236140616801404,2166,1006.052,143.0235294117647,427,0.03462086154189741
0.5236140616801404,0.4894279599501375,0.5072720803101108,0.008269035006623402,0.1782994270324707,100,0.5236140616801404,2166,1006.052,143.0235294117647,427,0.03462086154189741
0.5236140616801404,0.4954163432224775,0.5082877988265208,0.006960655131857359,0.17698359489440918,101,0.5236140616801404,2166,1006.052,143.0235294117647,427,0.03462086154189741
0.5236140616801404,0.4909691581494087,0.5072022934822142,0.007736318047059163,0.18013763427734375,102,0.5236140616801404,2166,1006.052,143.0235294117647,427,0.03462086154189741
0.5236140616801404,0.48777307530109343,0.5071402363850939,0.007870457648181423,0.17702126502990723,103,0.5236140616801404,2166,1006.052,143.0235294117647,427,0.03462086154189741
0.5236140616801404,0.4852239923476902,0.5077482447660225,0.007882136203267132,0.1752164363861084,104,0.5236140616801404,2166,1006.052,143.0235294117647,427,0.03462086154189741
0.5236140616801404,0.4867431028450606,0.5070750613310754,0.007898757783104357,0.1748504638671875,105,0.5236140616801404,2166,1006.052,143.0235294117647,427,0.03462086154189741
0.5236140616801404,0.49064014357423985,0.5082121131168347,0.00850614071078774,0.18993449211120605,106,0.5236140616801404,2166,1006.052,143.0235294117647,427,0.03462086154189741
0.5236140616801404,0.4893748656598323,0.5071357718009435,0.0075896568988793964,0.1880476474761963,107,0.5236140616801404,2166,1006.052,143.0235294117647,427,0.03462086154189741
0.5236140616801404,0.4876694056984825,0.507649619146412,0.008250386036853399,0.18372344970703125,108,0.5236140616801404,2166,1006.052,143.0235294117647,427,0.03462086154189741
0.5236140616801404,0.484594009817103,0.5075283973491846,0.008148577698710921,0.1749413013458252,109,0.5236140616801404,2166,1006.052,143.0235294117647,427,0.03462086154189741
0.5236140616801404,0.49039015749343545,0.5081984558853457,0.007476479388683696,0.17520761489868164,110,0.5236140616801404,2166,1006.052,143.0235294117647,427,0.03462086154189741
0.5236140616801404,0.4928372978725352,0.5077617902438724,0.007070321699199085,0.17653155326843262,111,0.5236140616801404,2166,1006.052,143.0235294117647,427,0.03462086154189741
0.5236140616801404,0.49019218409624243,0.5078137145172722,0.007412431439508148,0.17565202713012695,112,0.5236140616801404,2166,1006.052,143.0235294117647,427,0.03462086154189741
0.5236140616801404,0.4872396991449396,0.5068856498016864,0.008659221758687826,0.18128323554992676,113,0.5236140616801404,2166,1006.052,143.0235294117647,427,0.03462086154189741
0.5236140616801404,0.49477275103256985,0.5084515621728501,0.007881414891877237,0.1752333641052246,114,0.5236140616801404,2166,1006.052,143.0235294117647,427,0.03462086154189741
0.5245334126792094,0.49484668825232603,0.5080030205161918,0.007607709877842606,0.17592501640319824,115,0.5245334126792094,2177,994.692,139.51764705882354,425,0.03881088269822891
0.5245334126792094,0.48106082375137316,0.5075806493112157,0.009251929023441074,0.17592978477478027,116,0.5245334126792094,2177,994.692,139.51764705882354,425,0.03881088269822891
0.5245334126792094,0.48980802089852005,0.5077932465979889,0.008248322341669547,0.1758871078491211,117,0.5245334126792094,2177,994.692,139.51764705882354,425,0.03881088269822891
0.5245334126792094,0.49560006519070987,0.5079478436204868,0.006481447083913946,0.1757984161376953,118,0.5245334126792094,2177,994.692,139.51764705882354,425,0.03881088269822891
0.5245334126792094,0.48856652269491974,0.5078774029600489,0.008365121297895857,0.1855008602142334,119,0.5245334126792094,2177,994.692,139.51764705882354,425,0.03881088269822891
0.5245334126792094,0.49143226634904275,0.50678204670662,0.008673911944828869,0.17679214477539062,120,0.5245334126792094,2177,994.692,139.51764705882354,425,0.03881088269822891
0.5245334126792094,0.4768801339181971,0.5073619392325268,0.00862607796620477,0.1753373146057129,121,0.5245334126792094,2177,994.692,139.51764705882354,425,0.03881088269822891
0.5245334126792094,0.48474266533691795,0.5084011480254138,0.008674865752450665,0.18126535415649414,122,0.5245334126792094,2177,994.692,139.51764705882354,425,0.03881088269822891
0.5245334126792094,0.4907770032282145,0.5093051147888212,0.007465896545182102,0.17695283889770508,123,0.5245334126792094,2177,994.692,139.51764705882354,425,0.03881088269822891
0.5245334126792094,0.4905479179803176,0.5094662472027699,0.007920936200749497,0.1750774383544922,124,0.5245334126792094,2177,994.692,139.51764705882354,425,0.03881088269822891
0.5245334126792094,0.49407265085926444,0.5085890264515496,0.007035756277905864,0.17590069770812988,125,0.5245334126792094,2177,994.692,139.51764705882354,425,0.03881088269822891
0.5245334126792094,0.4878682894236452,0.5063779201878268,0.008862062137130075,0.17698216438293457,126,0.5245334126792094,2177,994.692,139.51764705882354,425,0.03881088269822891
0.5245334126792094,0.47483110307525883,0.5069983934082971,0.009868906193561643,0.17487239837646484,127,0.5245334126792094,2177,994.692,139.51764705882354,425,0.03881088269822891
0.5245334126792094,0.49455873025625385,0.506471089368075,0.0076862114143094375,0.17612481117248535,128,0.5245334126792094,2177,994.692,139.51764705882354,425,0.03881088269822891
0.5245334126792094,0.4896119155882332,0.5066004682975019,0.00877409698470686,0.17555737495422363,129,0.5245334126792094,2177,994.692,139.51764705882354,425,0.03881088269822891
0.5245334126792094,0.48161994105240197,0.5040682170337374,0.009800501423320828,0.17634940147399902,130,0.5245334126792094,2177,994.692,139.51764705882354,425,0.03881088269822891
0.5245334126792094,0.4856530613554051,0.5048657782555764,0.008823767506426824,0.175858736038208,131,0.5245334126792094,2177,994.692,139.51764705882354,425,0.03881088269822891
0.5245334126792094,0.48568076611937494,0.5074379409959436,0.009171333740191545,0.17549991607666016,132,0.5245334126792094,2177,994.692,139.51764705882354,425,0.03881088269822891
0.5245334126792094,0.4826655891085441,0.5062098471339019,0.010003843967311177,0.17541885375976562,133,0.5245334126792094,2177,994.692,139.51764705882354,425,0.03881088269822891
0.5245334126792094,0.48505426765802834,0.5070072613560952,0.008591034356017208,0.17686247825622559,134,0.5245334126792094,2177,994.692,139.51764705882354,425,0.03881088269822891
0.5245334126792094,0.49066151500775307,0.5077707473196112,0.007439141740512531,0.17601966857910156,135,0.5245334126792094,2177,994.692,139.51764705882354,425,0.03881088269822891
0.5245334126792094,0.4862574751450556,0.5091242898153852,0.006986745787650454,0.1758561134338379,136,0.5245334126792094,2177,994.692,139.51764705882354,425,0.03881088269822891
0.5245334126792094,0.4887697232710085,0.5085492996295811,0.007255225047233989,0.1752490997314453,137,0.5245334126792094,2177,994.692,139.51764705882354,425,0.03881088269822891
0.5245334126792094,0.48495870736505364,0.5080816165517638,0.007945676460480092,0.17601251602172852,138,0.5245334126792094,2177,994.692,139.51764705882354,425,0.03881088269822891
0.5245334126792094,0.4902380145706163,0.508413277992203,0.00833593975229661,0.17586851119995117,139,0.5245334126792094,2177,994.692,139.51764705882354,425,0.03881088269822891
0.5245334126792094,0.48961148558590706,0.5082666999020325,0.00775337291825762,0.1748814582824707,140,0.5245334126792094,2177,994.692,139.51764705882354,425,0.03881088269822891
0.5245334126792094,0.4912327887078356,0.507636288510981,0.00758258564194177,0.1755390167236328,141,0.5245334126792094,2177,994.692,139.51764705882354,425,0.03881088269822891
0.5245334126792094,0.4898342425399902,0.5066875978405364,0.008279439453419177,0.17689824104309082,142,0.5245334126792094,2177,994.692,139.51764705882354,425,0.03881088269822891
0.5245334126792094,0.4917184221154066,0.5072831350781596,0.008081032081252715,0.18785476684570312,143,0.5245334126792094,2177,994.692,139.51764705882354,425,0.03881088269822891
0.5259376905791379,0.4854047712666094,0.5061979861728435,0.008797880073418541,0.17583012580871582,144,0.5259376905791379,2152,993.562,139.76470588235293,425,0.040394702024804885
0.5259376905791379,0.49138585126692175,0.5067623986112042,0.007917988065221846,0.18041396141052246,145,0.5259376905791379,2152,993.562,139.76470588235293,425,0.040394702024804885
0.5259376905791379,0.48551514458265893,0.5074577042476716,0.0083841867232299,0.17537593841552734,146,0.5259376905791379,2152,993.562,139.76470588235293,425,0.040394702024804885
0.5259376905791379,0.4847414230695701,0.5058176971941274,0.009116326097323818,0.1747128963470459,147,0.5259376905791379,2152,993.562,139.76470588235293,425,0.040394702024804885
0.5259376905791379,0.4898450902401609,0.5074117392785853,0.00845806638145368,0.17688679695129395,148,0.5259376905791379,2152,993.562,139.76470588235293,425,0.040394702024804885
0.5259376905791379,0.47498853468884905,0.5073008105214002,0.01069851211537653,0.17411041259765625,149,0.5259376905791379,2152,993.562,139.76470588235293,425,0.040394702024804885
0.5259376905791379,0.481425279641675,0.508688112089893,0.009432552371040511,0.1753079891204834,150,0.5259376905791379,2152,993.562,139.76470588235293,425,0.040394702024804885
0.5259376905791379,0.4908159150919332,0.5098944624335497,0.007375630494860622,0.17459821701049805,151,0.5259376905791379,2152,993.562,139.76470588235293,425,0.040394702024804885
0.5259376905791379,0.4921932158355935,0.5088407240313425,0.007068519236394315,0.1746361255645752,152,0.5259376905791379,2152,993.562,139.76470588235293,425,0.040394702024804885
0.5259376905791379,0.49521538704671614,0.5080257760949441,0.007031704170238746,0.17508625984191895,153,0.5259376905791379,2152,993.562,139.76470588235293,425,0.040394702024804885
0.5259376905791379,0.4939223403796499,0.5082371860909135,0.007958154880201561,0.17573761940002441,154,0.5259376905791379,2152,993.562,139.76470588235293,425,0.040394702024804885
0.5259376905791379,0.49303580111940704,0.5092230248604256,0.007913972864256344,0.1761641502380371,155,0.5259376905791379,2152,993.562,139.76470588235293,425,0.040394702024804885
0.5259376905791379,0.4919909095537111,0.5097244146758918,0.0073404862604591545,0.17684507369995117,156,0.5259376905791379,2152,993.562,139.76470588235293,425,0.040394702024804885
0.5259376905791379,0.4853689947089288,0.5091282847150737,0.008659817251793614,0.17806482315063477,157,0.5259376905791379,2152,993.562,139.76470588235293,425,0.040394702024804885
0.5259376905791379,0.4920347839941834,0.5096646641296817,0.00802562937197798,0.1761624813079834,158,0.5259376905791379,2152,993.562,139.76470588235293,425,0.040394702024804885
0.5259376905791379,0.4906793974056888,0.5097762528090685,0.007977510321071286,0.17729592323303223,159,0.5259376905791379,2152,993.562,139.76470588235293,425,0.040394702024804885
0.5259376905791379,0.48392651316238405,0.5081507322825614,0.008139687987017412,0.18336915969848633,160,0.5259376905791379,2152,993.562,139.76470588235293,425,0.040394702024804885
0.5268275026292663,0.4880826404559901,0.50795845085073,0.008489349514721342,0.17601990699768066,161,0.5268275026292663,2146,996.796,136.03529411764706,426,0.04259620205991319
0.5268275026292663,0.4921634219975247,0.5101640328222832,0.007844094669529048,0.17562317848205566,162,0.5268275026292663,2146,996.796,136.03529411764706,426,0.04259620205991319
0.5268275026292663,0.49028393757783095,0.5111790632393747,0.00720044266846222,0.17502140998840332,163,0.5268275026292663,2146,996.796,136.03529411764706,426,0.04259620205991319
0.5268275026292663,0.4889020246266093,0.5108411679371088,0.008526695640746314,0.17623186111450195,164,0.5268275026292663,2146,996.796,136.03529411764706,426,0.04259620205991319
0.5268275026292663,0.48694570003338855,0.509320461000754,0.008560680911922296,0.1762866973876953,165,0.5268275026292663,2146,996.796,136.03529411764706,426,0.04259620205991319
0.5268275026292663,0.4953974657665153,0.5099054487411576,0.007697721738021545,0.1813817024230957,166,0.5268275026292663,2146,996.796,136.03529411764706,426,0.04259620205991319
0.5268275026292663,0.48982500717022526,0.5100509730106377,0.007845386189267358,0.176192045211792,167,0.5268275026292663,2146,996.796,136.03529411764706,426,0.04259620205991319
0.5268275026292663,0.48860393147078496,0.5107178734720859,0.008200832587186629,0.17647957801818848,168,0.5268275026292663,2146,996.796,136.03529411764706,426,0.04259620205991319
0.5268275026292663,0.4869419849449124,0.5107311882901404,0.006943019697727131,0.17439651489257812,169,0.5268275026292663,2146,996.796,136.03529411764706,426,0.04259620205991319
0.5268275026292663,0.4934209913131919,0.5097082773500271,0.007261812096297805,0.17397737503051758,170,0.5268275026292663,2146,996.796,136.03529411764706,426,0.04259620205991319
0.5268275026292663,0.49125036457634047,0.509883431039297,0.008481534749172138,0.1735825538635254,171,0.5268275026292663,2146,996.796,136.03529411764706,426,0.04259620205991319
0.5268275026292663,0.49325380796940554,0.508607182974163,0.008002173571470431,0.17636799812316895,172,0.5268275026292663,2146,996.796,136.03529411764706,426,0.04259620205991319
0.5268275026292663,0.4948743457295513,0.5102645186073497,0.008466841598601291,0.1778402328491211,173,0.5268275026292663,2146,996.796,136.03529411764706,426,0.04259620205991319
0.5268275026292663,0.487097281722763,0.5108656251445394,0.007811535793535389,0.1760108470916748,174,0.5268275026292663,2146,996.796,136.03529411764706,426,0.04259620205991319
0.5268275026292663,0.49125305758638055,0.5115384073973167,0.00817043344641576,0.177581787109375,175,0.5268275026292663,2146,996.796,136.03529411764706,426,0.04259620205991319
0.5268275026292663,0.49467056701507783,0.5107512303533339,0.007557274938166893,0.17548418045043945,176,0.5268275026292663,2146,996.796,136.03529411764706,426,0.04259620205991319
0.5268275026292663,0.4935174234311146,0.5092306705335234,0.007425880454472644,0.17855358123779297,177,0.5268275026292663,2146,996.796,136.03529411764706,426,0.04259620205991319
0.5268275026292663,0.4812220022537627,0.5116431327218194,0.008227825958759007,0.1761336326599121,178,0.5268275026292663,2146,996.796,136.03529411764706,426,0.04259620205991319
0.5268275026292663,0.4960914228851625,0.5120513844125406,0.0071884687758499355,0.17650151252746582,179,0.5268275026292663,2146,996.796,136.03529411764706,426,0.04259620205991319
0.5268275026292663,0.49399053275629257,0.5109862941187543,0.007830009875925146,0.1816236972808838,180,0.5268275026292663,2146,996.796,136.03529411764706,426,0.04259620205991319
0.5268275026292663,0.49422422564898394,0.5102070798783309,0.0075510425796114986,0.17637944221496582,181,0.5268275026292663,2146,996.796,136.03529411764706,426,0.04259620205991319
0.5268275026292663,0.4920813929153839,0.5094348545836346,0.007386896876490705,0.17691254615783691,182,0.5268275026292663,2146,996.796,136.03529411764706,426,0.04259620205991319
0.5268275026292663,0.4845389390084191,0.5082740857886959,0.00947807848329684,0.1761460304260254,183,0.5268275026292663,2146,996.796,136.03529411764706,426,0.04259620205991319
0.5268275026292663,0.48952227176301677,0.5089623655167624,0.009008388984754081,0.17554378509521484,184,0.5268275026292663,2146,996.796,136.03529411764706,426,0.04259620205991319
0.5268275026292663,0.48935450494551896,0.5101503002663486,0.007752949339687537,0.17481207847595215,185,0.5268275026292663,2146,996.796,136.03529411764706,426,0.04259620205991319
0.5268275026292663,0.4928836502202708,0.5105274794876311,0.007389366498748771,0.17803215980529785,186,0.5268275026292663,2146,996.796,136.03529411764706,426,0.04259620205991319
0.5268275026292663,0.49030847707282377,0.508559146624749,0.008053438300851522,0.1756880283355713,187,0.5268275026292663,2146,996.796,136.03529411764706,426,0.04259620205991319
0.5268275026292663,0.4966013587062762,0.5105183240578617,0.007274834244472469,0.17598390579223633,188,0.5268275026292663,2146,996.796,136.03529411764706,426,0.04259620205991319
0.5268275026292663,0.4934301641260745,0.5104325938784818,0.008067602239101844,0.17881131172180176,189,0.5268275026292663,2146,996.796,136.03529411764706,426,0.04259620205991319
0.5268275026292663,0.4892502534988062,0.5106811166805959,0.007928416731383614,0.17530465126037598,190,0.5268275026292663,2146,996.796,136.03529411764706,426,0.04259620205991319
0.5268275026292663,0.49717179607104783,0.512016363080561,0.007825912494071236,0.17470932006835938,191,0.5268275026292663,2146,996.796,136.03529411764706,426,0.04259620205991319
0.5268275026292663,0.49037360787923606,0.5095636329385237,0.008879344204525479,0.17672204971313477,192,0.5268275026292663,2146,996.796,136.03529411764706,426,0.04259620205991319
0.5268275026292663,0.49208143087068745,0.5107863842109898,0.007534407645129189,0.17533659934997559,193,0.5268275026292663,2146,996.796,136.03529411764706,426,0.04259620205991319
0.5268275026292663,0.4924354529130348,0.5104248168180078,0.008006404069606185,0.17606377601623535,194,0.5268275026292663,2146,996.796,136.03529411764706,426,0.04259620205991319
0.5268275026292663,0.4846902780875355,0.5112152349850849,0.008380024256689421,0.17486882209777832,195,0.5268275026292663,2146,996.796,136.03529411764706,426,0.04259620205991319
0.5268275026292663,0.48911833705475377,0.5115171592137194,0.007983824386456534,0.17368149757385254,196,0.5268275026292663,2146,996.796,136.03529411764706,426,0.04259620205991319
0.5268275026292663,0.4966159537477907,0.5116116532973682,0.007494841193679865,0.17567849159240723,197,0.5268275026292663,2146,996.796,136.03529411764706,426,0.04259620205991319
0.5268275026292663,0.49405075801345755,0.5105643423937852,0.008275241254233184,0.17587637901306152,198,0.5268275026292663,2146,996.796,136.03529411764706,426,0.04259620205991319
0.5268275026292663,0.49388381883045,0.5115959256241166,0.0073326992625000415,0.17753839492797852,199,0.5268275026292663,2146,996.796,136.03529411764706,426,0.04259620205991319
0.5268275026292663,0.4928841341951734,0.5117137066807863,0.006972083279545063,0.17403697967529297,200,0.5268275026292663,2146,996.796,136.03529411764706,426,0.04259620205991319
